snpid,chr,pos,ref,alt
rs0001,3,118000000,G,A
rs0002,3,118000000,T,C
rs0003,3,118000000,G,C
rs0004,3,118000000,T,A
rs0005,3,118000000,A,C
rs0006,3,118000000,C,T
rs0007,3,118000000,T,C
rs0008,3,118000000,C,T
rs0009,3,118000000,A,C
rs0010,3,118000000,T,A
rs0011,3,118000000,G,C
rs0012,3,118000000,A,C
rs0013,3,118000000,G,C
rs0014,3,118000000,C,T
rs0015,3,118000000,T,G
rs0016,3,118000000,G,T
rs0017,3,118000000,G,A
rs0018,3,118000000,T,C
rs0019,3,118000000,C,T
rs0020,3,118000000,T,C
rs0021,3,118000000,C,T
rs0022,3,118000000,C,A
rs0023,3,118000000,T,C
rs0024,3,118000000,C,T
rs0025,3,118000000,G,A
rs0026,3,118000000,C,T
rs0027,3,118000000,C,T
rs0028,3,118000000,C,T
rs0029,3,118000000,T,A
rs0030,3,118000000,C,T
rs0031,3,118000000,G,A
rs0032,3,118000000,C,T
rs0033,3,118000000,T,A
rs0034,3,118000000,T,A
rs0035,3,118000000,T,G
rs0036,3,118000000,A,T
rs0037,3,118000000,A,T
rs0038,3,118000000,T,C
rs0039,3,118000000,A,G
rs0040,3,118000000,A,G
rs0041,3,118000000,C,G
rs0042,3,118000000,C,T
rs0043,3,118000000,C,T
rs0044,3,118000000,C,T
rs0045,3,118000000,G,A
rs0046,3,118000000,C,T
rs0047,3,118000000,C,T
rs0048,3,118000000,T,C
rs0049,3,118000000,T,C
rs0050,3,118000000,T,C
rs0051,3,118000000,C,T
rs0052,3,118000000,C,T
rs0053,3,118000000,T,C
rs0054,3,118000000,T,C
rs0055,3,118000000,A,G
rs0056,3,118000000,T,G
rs0057,3,118000000,G,A
rs0058,3,118000000,T,C
rs0059,3,118000000,C,G
rs0060,3,118000000,C,T
rs0061,3,118000000,T,C
rs0062,3,118000000,C,T
rs0063,3,118000000,T,C
rs0064,3,118000000,C,A
rs0065,3,118000000,A,C
rs0066,3,118000000,A,T
rs0067,3,118000000,A,T
rs0068,3,118000000,A,C
rs0069,3,118000000,A,G
rs0070,3,118000000,T,A
rs0071,3,118000000,A,G
rs0072,3,118000000,G,T
rs0073,3,118000000,T,C
rs0074,3,118000000,T,G
rs0075,3,118000000,T,C
rs0076,3,118000000,A,C
rs0077,3,118000000,A,G
rs0078,3,118000000,T,C
rs0079,3,118000000,G,T
rs0080,3,118000000,C,T
rs0081,3,118000000,G,A
rs0082,3,118000000,G,A
rs0083,3,118000000,C,G
rs0084,3,119000000,G,A
rs0085,3,119000000,C,T
rs0086,3,119000000,G,A
rs0087,3,119000000,T,C
rs0088,3,119000000,T,C
rs0089,3,119000000,C,T
rs0090,3,119000000,C,A
rs0091,3,119000000,T,C
rs0092,3,119000000,T,C
rs0093,3,119000000,C,A
rs0094,3,119000000,T,C
rs0095,3,119000000,T,A
rs0096,3,119000000,G,A
rs0097,3,119000000,T,C
rs0098,3,119000000,G,A
rs0099,3,119000000,A,G
rs0100,3,119000000,A,C
rs0101,3,119000000,G,C
rs0102,3,119000000,T,A
rs0103,3,119000000,T,C
rs0104,3,119000000,A,C
rs0105,3,119000000,C,T
rs0106,3,119000000,A,G
rs0107,3,119000000,C,T
rs0108,3,119000000,A,C
rs0109,3,119000000,G,T
rs0110,3,119000000,G,A
rs0111,3,119000000,T,A
rs0112,3,119000000,G,A
rs0113,3,119000000,G,A
rs0114,3,119000000,C,T
rs0115,3,119000000,A,G
rs0116,3,119000000,G,A
rs0117,3,119000000,T,G
rs0118,3,119000000,T,C
rs0119,3,119000000,A,G
rs0120,3,119000000,A,G
rs0121,3,119000000,C,G
rs0122,3,119000000,C,T
rs0123,3,119000000,C,A
rs0124,3,119000000,G,C
rs0125,3,119000000,G,T
rs0126,3,119000000,T,C
rs0127,3,119000000,A,G
rs0128,3,119000000,C,T
rs0129,3,119000000,C,T
rs0130,3,119000000,C,T
rs0131,3,119000000,C,T
rs0132,3,119000000,C,T
rs0133,3,119000000,T,G
rs0134,3,119000000,A,G
rs0135,3,119000000,C,A
rs0136,3,119000000,C,A
rs0137,3,119000000,G,C
rs0138,3,119000000,C,T
rs0139,3,119000000,T,G
rs0140,3,119000000,A,C
rs0141,3,119000000,C,G
rs0142,3,119000000,C,G
rs0143,3,119000000,C,T
rs0144,3,119000000,C,T
rs0145,3,119000000,G,T
rs0146,3,119000000,G,A
rs0147,3,119000000,A,G
rs0148,3,119000000,T,G
rs0149,3,119000000,G,T
rs0150,3,119000000,C,A
rs0151,3,119000000,C,T
rs0152,3,119000000,A,G
rs0153,3,119000000,G,A
rs0154,3,119000000,G,A
rs0155,3,119000000,A,G
rs0156,3,119000000,G,A
rs0157,3,119000000,T,C
rs0158,3,119000000,T,C
rs0159,3,119000000,C,T
rs0160,3,119000000,C,T
rs0161,3,119000000,G,A
rs0162,3,119000000,A,G
rs0163,3,119000000,C,T
rs0164,3,119000000,A,G
rs0165,3,119000000,G,A
rs0166,3,119000000,A,G
rs0167,3,119000000,A,G
rs0168,3,119000000,T,C
rs0169,3,119000000,C,G
rs0170,3,119000000,T,C
rs0171,3,119000000,A,T
rs0172,3,119000000,T,C
rs0173,3,119000000,G,A
rs0174,3,119000000,C,T
rs0175,3,120000000,A,C
rs0176,3,120000000,G,A
rs0177,3,120000000,G,A
rs0178,3,120000000,G,T
rs0179,3,120000000,C,T
rs0180,3,120000000,G,A
rs0181,3,120000000,G,T
rs0182,3,120000000,G,A
rs0183,3,120000000,T,C
rs0184,3,120000000,C,T
rs0185,3,120000000,C,T
rs0186,3,120000000,C,T
rs0187,3,120000000,A,G
rs0188,3,120000000,A,G
rs0189,3,120000000,G,A
rs0190,3,120000000,A,G
rs0191,3,120000000,A,C
rs0192,3,120000000,A,T
rs0193,3,120000000,G,A
rs0194,3,120000000,G,A
rs0195,3,120000000,A,T
rs0196,3,120000000,C,T
rs0197,3,120000000,C,G
rs0198,3,120000000,G,A
rs0199,3,120000000,A,G
rs0200,3,120000000,G,A
rs0201,3,120000000,C,A
rs0202,3,120000000,C,T
rs0203,3,120000000,A,G
rs0204,3,120000000,T,C
rs0205,3,120000000,G,T
rs0206,3,120000000,G,A
rs0207,3,120000000,A,T
rs0208,3,120000000,G,A
rs0209,3,120000000,T,C
rs0210,3,120000000,A,T
rs0211,3,120000000,C,G
rs0212,3,120000000,T,C
rs0213,3,120000000,C,T
rs0214,3,120000000,A,G
rs0215,3,120000000,T,C
rs0216,3,120000000,C,T
rs0217,3,120000000,T,A
rs0218,3,120000000,A,G
rs0219,3,120000000,A,T
rs0220,3,120000000,T,A
rs0221,3,120000000,G,A
rs0222,3,120000000,A,G
rs0223,3,120000000,G,T
rs0224,3,120000000,G,A
rs0225,3,120000000,A,G
rs0226,3,120000000,G,T
rs0227,3,120000000,T,C
rs0228,3,120000000,T,C
rs0229,3,120000000,C,T
rs0230,3,120000000,G,T
rs0231,3,120000000,C,A
rs0232,3,120000000,C,T
rs0233,3,120000000,T,G
rs0234,3,120000000,C,T
rs0235,3,120000000,A,G
rs0236,3,120000000,G,A
rs0237,3,120000000,G,A
rs0238,3,120000000,C,T
rs0239,3,120000000,A,C
rs0240,3,120000000,C,T
rs0241,3,120000000,G,A
rs0242,3,120000000,C,A
rs0243,3,120000000,G,C
rs0244,3,120000000,T,C
rs0245,3,120000000,C,T
rs0246,3,120000000,G,A
