snpid,1,2,3,4,5,6,7,8,9,10,11,12,13,14,15,16,17,18,19,20,21,22,23,24,25,26,27,28,29,30,31,32,33,34,35,36,37,38,39,40,41,42,43,44,45,46,47,48,49,50,51,52,53,54,55,56,57,58,59,60,61,62
rs0001,0,0,0,0,0,0,0,0,0.998,0,0.084,0,0,0,0,0,0,0,0,0,0,0,0,0,0,0,0,0,0,0,0,0,0,0,0,0,0,0,0,0,0,0,0,0,0,0,0,0,0,0,0,0,0,0,0,0,0,0,0,0.722,0,0
rs0002,0,1,0,0,1,0,1,0,0,1,0,0,0,2,0,0,1,0,2,0,0,0,1,1,1,1,0,0,1,1,1,1,0,0,1,1,0,0,0,1,1,0,0,0,0,0,0,0,0,0,0,1,2,1,0,1,0,0,2,0,0,1
rs0003,1,2,2,2,2,2,2,2,1,2,1,2,2,1.971,2,2,2,2,2,2,1,2,2,1,2,2,2,2,2,2,1.998,2,1,2,2,2,2,2,2,2,1.943,2,2,1,2,2,2,2,2,2,2,1.999,1.368,2,2,2,2,2,1.985,1,2,2
rs0004,0,1,0,0,1,0,1,0,0,1,0,0,0,1.971,0,0,1,0,2,0,0,0,1,1,1,1,0,0,1,1,0.998,1,0,0,1,1,0,0,0,1,1,0,0,0,0,0,0,0,0,0,0,1,1.959,1,0,1,0,0,1.528,0,0,1
rs0005,0,0,0,0,0,0,0,0,0,0,0,0,0,0,0,0,0,0,0,0,0,0,0,0,0,0,0,0,0,0,0,0,0,0,0,0,0,0,0,0,0,0,0,0,0,0,0,0,0,0,0,0,0,0,0,0,0,0,0,0,0,0
rs0006,0,0,0,0,0,0,0,0,0,0,0,0,0,0,0,0,0,0,0,0,0,0,0,0,0,0,0,0,0,0,0,0,0,0,0,0,0,0,0,0,0,0,0,0,0,0,0,0,0,0,0,0,0,0,0,0,0,0,0,0,0,0
rs0007,2,2,2,2,2,2,2,2,2,2,1,2,2,2,2,2,2,2,2,2,2,2,2,2,2,2,2,2,2,2,2,2,2,2,2,2,2,2,2,2,2,2,2,2,2,2,2,2,2,2,2,2,2,2,2,2,2,2,2,2,2,2
rs0008,1,1,2,2,1,2,1,2,1,1,1,2,2,0,2,2,1,2,0,2,1,2,1,0,1,1,2,2,1,1,1,1,1,2,1,1,2,2,2,1,1,2,2,1,2,2,2,2,2,2,2,2,0,1,2,1,2,2,0,1,2,1
rs0009,0.103,1.844,0.969,1.999,1.809,1.986,2,1.983,0.998,1.981,0,1.781,1.79,1.55,0.916,1.962,0.735,0.987,2,2,0.815,1.996,1.998,1,1.973,1.954,1.703,0.968,1.914,1.874,1.999,1.998,0.902,1.966,2,1.619,2,2,1.375,1.885,2,1.961,0,0,2,1.744,0.994,0.995,1.697,1.999,1.692,1.918,1.792,1.997,1.331,1,1.962,1.887,1.944,0.898,1.998,1.464
rs0010,0,1,1,2,1,2,1,2,0,0,0,1,2,0,0,1,0,0,0,2,0,2,0,0,1,0,0,0,0,0,0,1,0,1,1,1,2,1,1,0,1,1,0,0,1,2,0,0,0,2,2,1,0,1,1,0,2,2,0,1,1,0
rs0011,0,1,0,0,1,0,1,0,0,1,0,0,0,2,0,0,1,0,2,0,0,0,1,1,1,1,0,0,1,1,1,1,0,0,1,1,0,0,0,1,1,0,0,0,0,0,0,0,0,0,0,1,2,1,0,1,0,0,2,0,0,1
rs0012,1,0,0,0,0,0,0,0,1,1,1,1,0,0,1,1,0,1,0,0,1,0,1,0,0,1,2,1,1,1,1,0,1,1,0,0,0,1,1,1,0,1,0,0,1,0,1,1,2,0,0,0,0,0,1,0,0,0,0,0,1,1
rs0013,0,0,0,0,0.727,0,0,0,0,1,0,0,0,1,0,0,0.958,0,0,0,0,0,0,0,0,0,0,0,0,0,0,0.993,0,0,0,0,0,0,0,0,0,0,0,0,0,0,0,0,0,0,0,0,0.022,0,0,0,0,0,0,0,0,1
rs0014,0,0,0,0,0,0,0,0,0,0,0,0,0,0,0,0,0,0,0,0,0,0,0,0,0,0,0,0,0,0,0,0,0,0,0,0,0,0,0,0,0,0,0,0,0,0,0,0,0,0,0,0,0,0,0,1,0,0,0,0,0,0
rs0015,0,0,0,0,0,0,0,0,0,0,0,0,0,0,0,0,0,0,0,0,0,0,0,0,0,0,0,0,0,0,0,0,0,0,0,0,0,0,0,0,0,0,0,0,0,0,0,0,0,0,0,0,0,0,0,1,0,0,0,0,0,0
rs0016,1.894,2,1,2,2,2,2,2,1,1,1,1,2,2,0,1,1,0,2,2,1.306,2,1,2,2,1,0,0,1,1,1,2,1,1,2,2,2,1,1,1,2,1,0,1,1,2,0,0,0,2,2,2,2,2,1,1,2,2,2,2,1,1
rs0017,0,1,1,2,1,2,1,2,0,0,0,1,2,0,0,1,0,0,0,2,0,2,0,0,1,0,0,0,0,0,0,1,0,1,1,1,2,1,1,0,1,1,0,0,1,2,0,0,0,2,2,1,0,1,1,0,2,2,0,1,1,0
rs0018,0,0.006,0,0,0,0,0,0,0,0,0,0,0,0.094,0,0,0,0,0.187,0,0,0,0,0.098,0,0,0,0,0.031,0.004,0.005,0,0,0,0.081,0.002,0,0,0,0.003,0.008,0,0,0,0,0,0,0,0,0,0,0,0.322,0,0,0,0,0,0.997,0,0,0
rs0019,2,2,1,2,2,2,2,2,2,2,2,2,2,2,1,2,2,1,2,2,2,2,2,2,2,2,2,1,2,2,2,2,2,2,2,2,2,2,2,2,2,2,0,1,2,2,1,1,2,2,2,2,2,2,2,1,2,2,2,2,2,2
rs0020,1,0,0,0,0,0,0,0,1,1,1,1,0,0,1,1,0,1,0,0,0,0,1,0,0,1,2,1,1,1,1,0,1,1,0,0,0,0,1,1,0,1,0,0,1,0,1,1,1,0,0,0,0,0,1,0,0,0,0,0,1,1
rs0021,2,2,1,2,2,2,2,2,2,2,2,2,2,2,1,2,2,1,2,2,2,2,2,2,2,2,2,1,2,2,2,2,2,2,2,2,2,2,2,2,2,2,0,1,2,2,1,1,2,2,2,2,2,2,2,1,2,2,2,2,2,2
rs0022,1,0,0,0,0,0,0,0,1,0,1,0,0,0,0,0,0,0,0,0,1,0,0,1,0,0,0,0,0,0,0,0,1,0,0,0,0,0,0,0,0,0,0,1,0,0,0,0,0,0,0,0,0,0,0,0,0,0,0,1,0,0
rs0023,2,0,0,0,0,0,0,0,2,1,2,1,0,0,1,1,0,1,0,0,1,0,1,1,0,1,2,1,1,1,1,0,2,1,0,0,0,0,1,1,0,1,0,1,1,0,1,1,1,0,0,0,0,0,1,0,0,0,0,1,1,1
rs0024,0,0,0,0,0,0,0,0,0.997,0,0.348,0,0,0,0,0,0,0,0,0,0,0,0,0,0,0,0,0,0,0,0,0,0.046,0,0,0,0,0,0,0,0,0,0,0,0,0,0,0,0,0,0,0,0,0,0,0,0,0,0,0.881,0,0
rs0025,0.001,2,0.996,2,2,1.992,2,2,0,1,0.011,1,2,1.99,0,1,2,0.008,2,1.888,0,2,1,1,2,1,0,0.006,1,1,1,2,0.054,1,2,2,2,1,1,1,1.996,1,0,0,1,1.994,0.002,0,1.002,2,2,1.999,2,1.931,1,0,2,2,2,0.978,1,1
rs0026,0,2,1,2,2,2,2,2,0,1,0,1,2,2,0,1,2,0,2,2,0,2,1,1,2,1,0,0,1,1,1,2,0,1,2,2,2,1,1,1,2,1,0,0,1,2,0,0,1,2,2,2,2,2,1,0,2,2,2,1,1,1
rs0027,0.06,1.594,1,2,2,2,1.703,2,0.002,1,0,1,2,2,0.468,0.98,2,0.003,2,2,0,2,1,1,2,1,0.214,0.004,1,0.996,1,1.996,0,0.806,2,1.941,2,1,1,1,1.995,1,0,0,1,2,0,0.008,1.013,2,2,1.946,1.566,2,1.003,0,2,2,2,1,1,1
rs0028,0,1,0,0,1,1,1,1,0,1,0,0,1,1,0,0,1,0,0,0,0,0,1,0,1,0,1,0,1,0,0,1,0,0,0,0,0,0,0,0,0,1,0,0,0,0,0,0,0,0,0,0,0,0,0,0,0,0,0,0,0,1
rs0029,0,1,0,0,0,0,0,0,0,1.018,1,1,0,0,0,1,0,1,0,0,1,0,0,0,0,1,1,1,0,1,1,0,0,0,0,0,0,0,1,1,0,1,0,0,1,0,1,1,1,1,0,0,1,0,0,1,0,0,0,1,1,1
rs0030,0,0.006,0,0,0,0.002,0.006,0,0,0,0,0,0.004,0,0,0,0,0,0,0,0,0,0,0,0,0,0.095,0,0.031,0,0,0,0,0,0,0,0,0,0,0,0,1,0,0,0,0,0,0,0,0,0,0,0,0,0,0,0,0,0,0,0,0
rs0031,0,1,0,0,0,0,0,0,0,1.082,1,1,0,0,0,1,0,1,0,0,1,0,0,0,0,1,1,1,0,1,1,0,0,0,0,0,0,0,1,1,0,1,0,0,1,0.009,1,1,1,0,0,0,1,0,0,1,0,0,0,0,1,1.065
rs0032,0,0,0,0,0,0,0,0,0,0,0,0,0,0,0,0,0,0,0,0,0,0,0,0,0,0,0,0,0,0,0,0,0,0,0,0,0,0,0,0,0,0,0,0,0,0,0,0,0,1,0,0,0,0,0,0,0,0,0,1,0,0
rs0033,0.149,0,0,0,0.546,0.595,0.003,0,0,0.823,0.007,0,0.003,0.997,0,0,0.998,0,0,0,0,0,0.002,0,0.001,0,0.127,0,1.001,0,0,0.977,0,0,0,0.014,0,1,0,0,0,0,0,0,0,0,0,0,0,0,0,0,0,0,0,0,0,0,0,0,0,0.993
rs0034,0,0,0,0,0,0,0,0,0,0,0,0,0,0,0,0,0.004,0,0,0,0,0,0,0,0,0,0,0,0,0,0,0,0,0,0,0,0,0,0,0,0,0,0,0,0,0,0,0,0,1,0,0.009,0,0,0,0,0,0,0,1,0,0
rs0035,1.119,0,1,2,1,1,0,1,1,0,0,1,1,1,2,0.998,1.003,0,2,2,1,2,0,2,1,1,0,0,1,1,1,1.001,2,1,2,2,2,2,1,1,2,0,0,0,1,2,0,0,1.153,2,2,2,1,2,2,0,2,2,2,2,1,0
rs0036,0,0,0,0,0,0,0,0,0,0,0,0,0,0,0,0,0.005,0,0,0,0,0,0,0,0,0,0,0,0,0,0,0,0,0,0,0,0,0,0,0,0,0,0,0,0,0,0,0,0,1,0,0.009,0,0,0,0,0,0,0,0.999,0,0
rs0037,0,0,0.062,0.003,0.17,0,0,0,0,0,0,0,0.004,0,0,0,0,0,0.009,0,0.004,0,0,0.004,0.008,0,0,0,0,0.002,0,0,0.108,0,0.005,0.004,0,0,0,0,0,0,0,0,0,0.024,0,0,0,0,0.676,0.098,0.082,0,0.001,0,0.003,0,0,0,0,0
rs0038,0.002,1,1,0,0,0,1,0,1,1,2,1,0,0,0,1,0,2,0,0,0.999,0,1,0,0,1,1,2,0,1,1,0,0,1,0,0.001,0,0,1,1,0,1,2,2,1,0,2,2,1,0,0,0.024,1,0,0.001,2,0,0,0,0,1,1
rs0039,0,0,0.044,0.432,0.016,0,0,0,0,0,0,0.092,0.012,0,0,0.023,0.884,0,0.006,0,0.022,0.001,0,0.006,0.001,0,0,0,0,0.002,0,0,0,0.005,0.006,0.079,0,0,0.325,0.031,0,0,0,0,0,0.004,0,0,0,0,0.469,0.496,0.068,0.025,1.001,0,0.526,0.571,0.001,0,0.9,0
rs0040,1,1,1,2,2,2,1,2,0,1,0,1,2,2,1.241,1,2,0,2,2,1,2,1,1,2,1,1,0,1,1,1,2,1.002,1,2,2,2,2,1,1,2,1,0,0,1,2,0,0,1,1,2,2,1,2,2,0,2,2,2,0,1,1
rs0041,1,1,1,0,0,0,1,0,2,1,1.99,1,0,0.67,1,1,0,1.951,0,0,0.999,0,1,1,0,0.999,0.947,1.952,1,1,1,0,0.998,1,0,0,0,0,0.989,1,0,1,1.988,2,1,0,2,2,0.525,1,0.002,0.015,1,0,0,2,0,0,0,2,1,0.969
rs0042,0,0,0,2,2,0,1,1,0,1,1,0,0,1,0,0,1,1,0,2,0,1,2,0,1,1,2,1,0,1,1,1,0,2,1,1,1,2,1,1,0,1,2,0,0,0,1,0,1,0,2,2,2,1,2,0,1,2,0,1,1,1
rs0043,1.388,0,1,0,0,1,1,0,1,0,0,0,2,0,1,0,1,0,2,0,0,0,0,1,0,1,0,0,0,0.976,0,0,2,0,1,0,1,0,0,0,1,0,0,2,0,0,0,2,1,1,0,0,0,0,0,1,1,0,1,0,0,0
rs0044,1,1,0,0,0,0,0,0,0,0,0,0,0,0,0,0,0,0,0,0,0,1,0,1,1,0,0,0,0,0,0,0,0,0,0,1,0,0,0,0,0,0,0,0,0,1,1,0,0,0,0,0,0,0,0,0,0,0,0,0,0,0
rs0045,0,0,0,0,0,1,0,0,0,0,0,0,0,1,1,0,0,0,0,0,0,0,0,0,0,0,0,0,0,0,0,0,0,0,0,0,0,0,0,0,0,0,0,0,0,1,0,0,0,1,0,0,0,0,0,0,0,0,0,0,0,0
rs0046,0,0,0,0,0,0,0.159,0,0.065,0,0,0,0.216,0,0.111,0,0.089,0,0.2,0,0,0,0,0.085,0,0,0,0,0,0,0,0,0.22,0,0.092,0,0,0,0,0,0,0,0,0.18,0,0,0,0.04,0,0,0,0,0,0,0,0,0,0,0.192,0,0,0
rs0047,0,1,1,0,0,0,0,1,1,1,1,2,0,0,0,2,0,1,0,0,2,0,0,0,0,0,0,1,1,0,1,1,0,0,0,0,0,0,1,1,1,1,0,0,2,0,0,0,0,0,0,0,0,1,0,1,0,0,1,1,1,1
rs0048,0,0,0,2,2,0,1,1,0,1,1,0,0,1,0,0,1,1,0,2,0,1,2,0,1,1,2,1,0,1,1,1,0,2,1,1,1,2,1,1,0,1,2,0,0,0,1,0,1,0,2,2,2,1,2,0,1,2,0,1,1,1
rs0049,2,1,1,2,2,2,2,1,1,1,1,0,2,2,2,0,2,1,2,2,0,2,2,2,2,2,2,1,1,2,1,1,2,2,2,2,2,2,1,1,1,1,2,2,0,2,2,2,2,2,2,2,2,1,2,1,2,2,1,1,1,1
rs0050,0,0,0,1.002,0.999,0,1,1,0,1,0,0,0,0,0,0,1,0.32,0,0.016,0,1,0.965,0,1,0,0,0.315,0,1,0.005,1,0,1,0,0,1,1,1,0.05,0,0,0.002,0,0,0,0,0,0.203,0,0.018,0,1,0.075,0.013,0,0,1,0,1,0,1
rs0051,2,1,1,2,2,2,2,1,1,1,1,0,2,2,2,0,2,1,2,2,0,2,1.894,2,2,2,2,1,1,2,1.016,1,2,2,2,2,2,2,1,1,1,1,2,2,0,2,2,2,2,2,2,2,2,1,2,1,2,2,1,1,1,1
rs0052,0,0,0,1,1,0,1,0.737,0,0,1,0,0,1,0,0,0,1,0,2,0,0,1.091,0,0.26,1,2,1,0,1,1,0,0,1,1,1,0,1.013,0,0.999,0,1,2,0,0,0,1,0,1,0,2,2,1,1,2,0,1,1,0.004,0,1,0
rs0053,0,0,0,0,0,0,0,0,0,0,0,0,0,0,0,0,0,0,0,0,0,0,0,0,0,0,0,0,1,0,0,0,0,0,0,0,0,0,0,0,0,0,0,0,0,0,0,0,0,0,0,0,0,0,0,0,0,0,0,0,0,0
rs0054,1,1,0,0,0,0,0,0,0,0,0,0,0,0,0,0,0,0,0,0,0,1,0,1,0,0,0,0,0,0,0,0,0,0,0,1,0,0,0,0,0,0,0,0,0,1,1,0,0,0,0,0,0,0,0,0,0,0,0,0,0,0
rs0055,0,1,1,1,1,0,0,1,1,2,1,1,0,0,0,2,1,1,0,0,2,0,0,0,1,0,0,1,1,0,0,2,0,1,0,0,0,0,2,1,0,1,0,0,2,0,0,0,0,0,0,0,1,1,0,1,0,0,1,1,1,2
rs0056,0,1,1,0,0,0,0,1,1,1,1,1,0,0,0,2,0,1,0,0,2,0,0,0,0,0,0,1,1,0,0,1,0,0,0,0,0,0,1,1,0,1,0,0,2,0,0,0,0,0,0,0,0,1,0,1,0,0,1,0,1,1
rs0057,0,0,0,1,1,0,1,1,0,0,1,1,0,1,0,0,0,1,0,2,0,0,2,0,1,1,2,1,0,1,1,0,0,1,1,1,0,0,0,1,1,1,2,0,0,0,1,0,1,0,2,2,1,1,2,0,1,2,0,0,1,0
rs0058,0,0,0,1,1,0,1,1,0,0,1,1,0,1,0,0,0,1,0,2,0,0,1,0,1,1,2,1,0,1,1,0,0.517,1,1,1,0,0,0,1,1,1,2,0,0,0,1,0,1,0,2,2,1,1,2,0,1,2,0,0,1,0
rs0059,0,0.038,0,0.743,1,0,1,1,0,0,1,1,0,1,0,0,0,1,0,2,0,0,1,0,0.996,0.997,2,1,0.014,1,1,0,0.95,1,1,1,0,0,0,0.974,1,1,1.996,0,0.004,0,1,0,1,0,1.987,2,1,0.937,2,0,1,2,0,0,1,0
rs0060,2,2,1,1,2,0,1,2,1,2,2,2,0,1,1.002,2,2,2,0,2,2,1,1,1,2,2,2,2,2,1,2,2,1.276,2,1,2,0,0,2,2,2,2,2,0.004,2,1.003,2,0,2,0,2,2,2,2,2,1,2,2,1,1,2,2
rs0061,1,1,1,1,0,1,0,0,0,1,0,0,0,0,0,0,1,0,0,0,0,2,0,1,1,1,0,0,0,0,1,1,0,1,0,2,1,1,0,0,1,0,0,0,0,1,1,0,1,0,0,0,0,0,0,0,0,0,0,0,1,1
rs0062,1,1,1,1,0.121,1,0,0,0,1,0,0,0,0,0,0,1,0,0,0,0,2,0,1,1,1,0,0,0,0,0.951,1,0,1,0,2,1,1,0,0.001,1,0,0.009,0,0,1,1,0,1,0.132,0,0,0,0,0,0,0,0,0,0,1,1
rs0063,0,0,0.13,0,0,0,0,0.004,0.998,1,0.047,0,0,0,0,1.418,0,0.003,0,0,0.013,0,0,0,0,0,0,0.02,0,0,0,0,0,0,0,0,0,0,0.02,0.226,0,0.972,0,0,0.566,0,0,0,0,0.092,0,0,0,0,0,0,0,0,0.078,0,0,0.946
rs0064,2,1,0,2,2,0.969,0,0,1,1,0,0,0,1,1,0,1,0.446,2,0,0.39,2,0,2,1,0,0,0,1,0,1,1.002,0.998,1,1,2,1,1,1,0,1,0,0,1,0,2,1,0,0,0,0,0,1.553,0,0,1,0,0,0.998,1,1,1
rs0065,0,1,2,0,0,1,2,2,1,1,1.997,1,2,1,1,2,1,1,0,2,1,0,2,0,1,2,1,2,1,2,1,0,1,1,1,0,1,1,1,2,1,2,2,1,1,0,1,2,2,2,1.999,2,0,2,2,0,2,2,1,1,0,1
rs0066,0,2,2,0,1,1,2,2,1,2,2,1,2,1,1,2,2,1,0,2,1,1,2,1,2,2,1,2,1,2,1,1,1,2,1,1,1,1,1,2,2,2,2,1,1,1,1,2,2,2,2,2,1,2,2,0,2,2,1,2,0,2
rs0067,0.003,2,2,0,1,1,2,2,1,2,2,1,2,1,1,2,2,1,0,2,1,1,2,1,2,2,1,2,1,2,1,1,1,2,1,1,1,1,1,2,2,2,2,1,1,1.001,1,2,2,2,2,2,1,2,1.955,0,2,2,1,2,0,2
rs0068,0,1,0,0,1,0,0,0,0,1,0,0,0,0,0,0,1,0,0,0,0,1,0,1,1,0,0,0,0,0,0,1,0,0.993,0,1,0,0,0,0,1,0,0,0,0,1,0,0,0,0,0,0,1,0,0,0,0,0,0,1,0,1
rs0069,0,0,0,0,0,0.751,0,0,0,0,0,1,0,1,0,0,0,1,0,0,1,0,0,0,0,0,1,0,0,0,1,1,0,0,0,1,0,0,0,0,0,0,0,0,1,0,0,0,0,0,1,1,0,0,0,1,0,0,0,0,1,0
rs0070,0,0.973,2,1,0,1,2,2,1,1,2,1,2,1,1,2,1,1,0,2,1,1,2,0,1,2,1,2,1,2,0.001,0,0.95,0,1,0,2,1,1,1.976,1,1,2,1,1,0,0,2,1.988,1.92,0.987,1,0,1.975,1,0,2,2,1,1,1,1
rs0071,0,1,2,1,0,2,2,2,1,1,2,2,2,2,2,2,1,2,0,2,2,1,2,0,1,2,2,2,1,2,1,1,1,0,1,1,2,1,1,2,1,1,2,1,2,1,0,2,2,2,2,2,0,2,1,1,2,2,1,1,2,1
rs0072,0,0,0,0,0,1,0,0,0,0,0,1,0,1,0,0,0,1,0,0,1,0,0,0,0,0,1,0,0,0,1,1,0,0,0,1,0,0,0,0,0,0,0,0,1,0,0,0,0,0,1,1,0,0,0,1,0,0,0,0,1,0
rs0073,0,1,2,1,0,1,2,2,1,1,1.998,1,2,1,1,2,1,1,0,2,1,1,2,0,1,2,1,2,1,2,0,0,1,0,1,0,2,1,1,2,1,1,2,1,1,0,0,2,2,1.914,1,1,0,2,1,0,2,2,1,1,1,1
rs0074,0,1,2,1,0,1,2,2,1,1,2,1,2,1,1,2,1,1,0,2,1,1,2,0,1,2,1,2,1,2,0,0,1,0,1,0,2,1,1,2,1,1,2,1,1,0,0,2,2,2,1,1,0,2,1,0,2,2,1,1,1,1
rs0075,0,0,0,0,0,1,1,1,0,0,0,0,2,0,0,1,0,0,0,0,0,0,0,0,0,0,0,0,0,0,0,0,0,0,1,0,1,0,0,0,0.002,0,0,1,0,0,0,2,0,0.991,0,0,0,0,0,0,0,0,0,0,0,0
rs0076,0,0.029,0.104,0,0.039,0,0,0,0,0,0.052,0,0,0,0,0,0,0,0,0,0,0,0,0,0.013,0,0,0,0.022,0,0,0,0.099,0.208,0,0,0,0,0,0.035,0,0.275,0,0,0,0,0.758,0,0.004,0,0.027,0,0,0.088,0.001,0,0.995,0,0,0,0,0
rs0077,0.001,1,0,0,1.034,0,0.952,0,0,0,0.64,0.003,1.901,0.021,0.176,0,0,0.002,0.235,0.02,0,0,0,1.121,0,0,0,0.002,0,0,0.002,0,0,0,0.106,1,0,0,0,0.003,0.994,0,0.646,0.016,0.002,0.417,0.028,1.312,0.004,0.995,0,0,1,0,0.011,0,0,0,0,0,0,0
rs0078,0.014,0.84,0.006,0.485,1.379,0,0.998,0.001,0,0.581,0.01,0.002,0.027,0.011,0,0,0,0.015,0,0.026,0.034,1,0,1,0.002,0,0.684,0.007,0.928,0,0.091,0,0.091,0.006,0,0.133,0,0.2,1.465,0.047,1,0.001,0.348,0,0.077,0,0.046,0,0.166,1,0.015,0.003,1.067,0.038,0.25,0,0,0.013,0,0,0,0.001
rs0079,1,1,1,1,2,0,2,1,1,0.885,1,0,0.999,0,1,0,0,0,2,1,0,1,1,2,0,0,2,0,1,1,2,0,1,0,1,1,0,2,2,0,1,1,0.777,1,0,1,2,0,1,1,0,1,1,1,1,1,0,1,1,1,1,1
rs0080,1,1,1,0,0,1,0,1,0,0,1,2,0,1,0,1,0,2,0,1,2,0,1,0,1,2,0,2,1,1,0,1,1,1,1,1,1,0,0,2,1,1,0.31,1,1,0,0,0,1,1,2,1,1,1,1,0,2,0,1,0,1,0
rs0081,0.97,0,0,0,0,1,0,0.971,0,0,0,0.998,0,0.881,0,0,0,1.579,0,0,0.961,0,0,0,0,0,0,0.621,0,0,0,1,0,0.979,1,1,0.031,0,0,0,0,0,0,1,0.834,0,0,0,0,0,1,1,0,0,0,0,1,0,0,0,1,0
rs0082,0,0,0,0,0,0,0,0,0,0,0,0,1,1,0,0,1,0,0,0,0,0,0,0,1,0,0,0,0,0,0,1,0,1,0,0,0,0,0,0,0,0,0,0,0,1,0,1,0,0,0,0,0,0,0,0,0,1,0,0,0,0
rs0083,1,1,1,0,0,1,0,1,0,0,1,2,0,1,0,1,0,2,0,1,2,0,1,0,1,2,0,2,1,1,0,1,1,1,1,1,1,0,0,2,1,1,0,1,1,0,0,0,1,1,2,1,1,1,1,0,2,0,1,0,1,0
rs0084,1,1,1,1,0,1.992,0,1,1,1,1,2,1,2,0.892,2,1.911,2,0,1,2,1,1,0,2,2,0,2,1,1,0,2,1,2,1,1,1.999,0,0,2,1,1,0,1,2,1,0,1,1,1,2,1,1,1,1,0,2,1,1,0,1,1
rs0085,0,1,1,0,0,0,0,0,0,0,1,1,0,0,0,1,0,0,0,1,1,0,1,0,1,2,0,1,1,1,0,0,1,0,0,0,0,0,0,2,1,1,0,0,0,0,0,0,1,1,1,0,1,1,1,0,1,0,1,0,0,0
rs0086,0,1,2,2,0,2,0,1,2,1,2,0,0,2,1,1.996,1,1,0,2,0,1,0,0,2,1,0,2,1,0,0,0,1.891,1,0,0,2,1,1,1.982,0,2,0,0,1,0,0,0,1.614,1,0.999,0,0.999,0,0.856,0,1,0,1,1,1,1
rs0087,2,1,2,2,1.001,2,0,1,2,1,2,2,1,2,2,2,2,1,2,2,2,1,2,1,2,2,1,2,1,1,1,1,2,1,1,1.332,2,1,1,2,1,2,1.079,2,2,2,1,1,1.93,1,2,2,1.003,1,2,1,2,1.019,2,2,1,2
rs0088,0,1,2,2,0,2,0,1,2,1,2,0,0,2,1,2,1,1,0,2,0,1,0,0,2,1,0,2,1,0,0,0,2,1,0,0,2,1,1,2,0,2,0,1,1,0,0,0,2,1,1,0,1,0,1,0,1,0,1,1,1,2
rs0089,0,0,0,0,0,0,0,0,0,0,0,0,0,0,0,0,0,0,0,0,0,0,0,0,0,0,0,0,0,1,0.107,0,0,1,0,0.999,0,1,0,0,0,0,0.009,0,0,0,0.991,0,0,0,0,0,0,0.991,0,1,0,0.014,0,0,0,0
rs0090,0,1,0,0,0,0,2,0,0,1,0,0,1,0,0,0,0,1,0,0,0,1,0,1,0,0,1,0,1,0,0,1,0,0,1,0,0,0,0,0,1,0,0,0,0,0,0,1,0,1,0,0,1,0,0,0,0,0,0,0,0,0
rs0091,2,2,1,0,2,1,2,2,1,1,1,2,1.996,2,1,1,2,1.004,2,2,2,1,2,2,2,2,2,1,2,2,2,2,2,2,2,2,1,1,1,2,2,1,2,1,1,2,2,2,2,1,2,2,2,2,2,2,2,2,1,2,1.09,0
rs0092,0.036,0,0,0,0,0,0,0,0,0,0,1,0.602,0.009,0,0,0,0,0,0,0,0,1,0,0,0,0,0,0,1,0,0,0,0,0,0,0,0,0,0,0,0,0,0,0,1,0,1,0,0,0,0,0,0,0,0,0,2,0,0,0,0
rs0093,1,2,0,0,2,1,1,2,1,1,1,2,2,2,1.999,1,2,1,1.999,2,1,1,1,2,2,0,2,1.993,2,1,1,2,2,1,2,1,0.01,0,1,2,0,1,2,0,1.846,1,1,1,1,1,2,2,1.997,0,1.011,0,2,2,1,1,1,0
rs0094,1,0,0,0,0,0,0,0,0,0,0.978,0,0,0,0,0,0,0,0,0,1,0,1,0,0,0,0,0,0,0,0,0,0,0,0,0,0,0,0,0,1,0,0,1,0,0,0,0,0,0,0,0,0,1,0,1,0,0,0,1,0,0.002
rs0095,0,0,0,0,0,0,0,0,0,0,0,0,0,0,0,0,0,0,0,0,0,0,0,0,0,0,0,0,0,0,0,0,0,0,0,0,0,0,0,0,0,0,0,0,0,1,0,0,0,0,0,0,0,0,0,0,0,0,0,0,1,0
rs0096,0,0,0,0,0,0,1,0,0,0,0,0,0,0,0,0,0,0,0,0,0,0,0,0,0,1,0,0,0,1,1,0,0,1,0,1,0,1,0,0,1,0,0,0,0,0,1,1,0,0,0,0,0,1,0,1,0,0,0,0,0,1
rs0097,1,0,0,0,0,0,0,0,0,0,1,0,0,0,0,0,0,0,0,0,1,0,1,0,0,0,0,0,0,0,0,0,0,0,0,0,0,0,0,0,1,0,0,1,0,0,0,0,0,0,0,0,0,1,0,1,0,0,0,1,0,0
rs0098,1,0,0,0,0,0,0,0,0,0,0,0,1,0,1,0,0,0,0,0,0,1,0,0,0,0,1,1,1,1,0,1,0,0,1,0,0,0,0,0,0,0,0,0,0,0,0,1,0,0,0,0,0,0,0.004,0,0,1,0,0,0.03,0
rs0099,0.012,0,1,0,0,0,1,0,0,0,0.403,0,0.598,0.002,0.003,0,0,0,0,0,0,0,0,0,0,1,0,0.002,0.272,0.5,0,0.011,0,0,0,0,0,0.002,0,0,0.97,0.577,0,0.253,0,0,0,0.953,1,0.167,0,0,0,0.318,0,0.249,0.002,0,0,0,0,0.411
rs0100,1,0,0,0,0,0,1,0,0,0,1,0,0,0,0,0,0,0,0,0,0,1,1,0,0,0,0,0,0,0,1,0,0,0,0,1,0,0,0,0,2,0,0,1,0,0,1,1,0,1,0,0,0,1,0,2,0,0,0,1,0,1
rs0101,0,0,0,0,0,0,1,0,0,0,0,0,0,0,0,0,0,0,0,0,0,0,0,0,0,0,0,0,0,0,0,0,0,0,0,0,0,0,0,0,1,0,0,0,0,0,0,0.992,0,0,0,0,0,0,0,0,0,0,0,0,0,0
rs0102,0.027,0,0,0,0,0,0,0,0,0,0.99,0,0,0,0,0.001,0,0,0,0,0,0,1,0,0,0,0,0,0,0,0,0,0,0,0,0,0,0,0,0,0.997,0,0,0.994,0,0,0,0,0,0.832,0,0,0,0.451,0,0.999,0,0,0,1,0,0
rs0103,1.003,0,0.005,0,0.016,0,1,0,0.001,0,1,0.002,0.001,0,0,0.005,0,0,0,0,0,1,1,0,0,0,0,0,0.022,0,0,0.011,0.004,0,0.005,0.436,0,0.171,0.069,0,2,0,0,1,0,0,0,1.02,0,1,0,0,0.001,0.403,0,2,0.049,0,0,1,0.03,1
rs0104,0.999,2,0,0,1,2,1,2,0.001,1,0,0,1,0,1,0.994,0,1,0,1.026,0,0,0,1,1,0,0,1,1.001,1,0,1,2,0,1,0.031,0,0,0,0,0,0.023,0,0,0,1,1,0,0,0,1,0,2,0.031,0,0,0,1,0,0.992,0,0
rs0105,1,0,0,0,0,0,0,0,0,0,1,0,0,0,0,0,0,0,0,0,0,0,1,0,0,0,0,0,0,0,0,0,0,0,0,0,0,0,0,0,1,0,0,1,0,0,0,0,0,1,0,0,0,0,0,1,0,0,0,1,0,0
rs0106,1,2,1,1,1,2,1,2,1,2,1,0,1,1,1,2,1,2,2,1,0,1,0,2,2,1,0,1,1,1,1,1,2,1,1.993,0,2,0,1,1,0,1,1,1,1,1,2,0,0,0,1,0,2,1,2,0,0,1,1,1,1,1
rs0107,0,0,0,0,0,0,0,0,1,1,1,0,0,1,0,1.001,1,0.956,2,0,0,1,0,1,1,1,0,0,0,0,1,0,0,1,1,0,0,0,0,1,0,1,1,0,0,0,1,0,0,0,0,0,0.001,0.999,0.021,1,0,0,1,0.003,0,2
rs0108,0,0,0,0,0,0,0,0,0,0,0,0,0,0,0.988,0,0,0,0,0,0,0,0,0,0,0,0,0.112,0,0,0.003,0,0,0,0,0,0,0,0,0,0,0,0,0,0,0,0,0,0,0,0,0,0,0,0,0,0,0,0,0,0,0
rs0109,1,0,0,0,0,0,0,0,0,0,1,0,0,0,0,0,0,0,0,0,0,0,1,0,0,0,0,0,0,0,0,0,0,0,0,0,0,0,0,0,1,0,0,1,0,0,0,0,0,1,0,0,0,0,0,1,0,0,0,1,0,0
rs0110,1,0,0,0,0,0,0,0,0,0,1,0,0,0,0,0,0,0,0,0,0,0,1,0,0,0,0,0,0,0,0,0,0,0,0,0,0,0,0,0,1,0,0,1,0,0,0,0,0,1,0,0,0,0,0,1,0,0,0,1,0,0
rs0111,1.997,2,1,2,2,2,2,2,2,2,1.964,2,2,2,1.992,1.999,2,2,2,2,2,2,2,2,2,1,2,2,2,2,2,2,2,2,2,1.994,2,1,2,2,1.997,1,2,1.749,2,2,2,2,1.941,1,2,2,1.999,2,2,1.792,2,2,2,1.997,1.97,2
rs0112,0,0,0,0,0,0,1,0,0,0,0,0,0,0,0,0,0,0,0,0,0,0,0,0,0,0,0,0,0,0,0,0,0,0,0,0,0,0,0,0,1,0,0,0,0,0,0,1,0,0,0,0,0,0,0,0,0,0,0,0,0,0
rs0113,0,0,0,0,0,0,0,0,1,1,1,0,0,1,0,1,1,0.989,2,0,0,1,0,1,1,1,0,0,0,0,1,0,0,1,1,0,0,0,0,1,0,1,1,0,0,0,1,0,0,0,0,0,0,1,0,1,0,0,1,0,0,2
rs0114,0,0,1,1,0,0,0,0,0,0,0,0,0,0,0,0,0,0,0,0,0,1,0,0,0,0,0,0.001,0,0,0,0,0,0,0,0,2,0,1,0,0,0,0,1,1,0,0,0,0.017,0,0,0,0,0,2,0,0,0,0,0,1,0
rs0115,0.656,0.934,0,0,0.819,1.784,0,0.521,0.002,0,0.049,0.01,1.101,0.011,0.898,0,0.998,0,0,0.299,0,0,0,0.011,0.806,0,0,0.014,1,0,1.137,0.21,1.403,0.005,0.825,0.796,0,0,0,0,0.222,0,0,0,0,0.075,1.002,0.991,0.027,0,0.894,0,0.67,0,0.44,0.138,1.039,0,0.348,0.85,0.042,0.001
rs0116,0,0,0,0,0,0,0,0,1,1,0,0.002,0.32,0,0,1,0,0.008,0,0,0,0,0,0,0,1,0,0,0,0,0.969,0,0,0,0,0,0,0,0,0,0,0.048,1,0,0,0,0,0,0.013,1,0.751,0,0.673,0,0,0,0.047,0,0,0,0.872,0
rs0117,1,1,0,0,1,1,1,1,0,0,0,0,1,0,1,0,0,1,0,2,1.996,1,0,1,2,0,2,0,2,0,1,1,1,1,0,2,0,0,0,0,0,1,0,0,1,1,1,0,0,0,0.992,1,0.989,1,0,0,1,1,2,0,0,1
rs0118,0,0,0,0,0,0,0,0,0,0,0,0,0.514,0,0,0,0,0,2,0,0,0,0,1,0,0,0,0,0,0,0,0,0,0,1,0,0,0,0,0,0,0,0,1,0,0,0,1,0,0,0,0,0,0,0,0,0,0,0,0,0.039,0
rs0119,0,1,0,0,0,0,0,0,0,1,0,0,0,0,0,0,0,1,0,0,0,0,0,0,0,0,0,1,0,0,0,0,1,0,1,0,0,1,0,1,0,0,0,1,1,1,0,1,0,0,0,1,1,0,0,2,0,0,0,0,0,0
rs0120,0,0,0,0,0,0,0,0,0,0,0,0,0.316,0,0,0,0,0,0,0,0,0,0,0,0,0,0,0,0,0,0.956,0,0,0,0,0,0,0,0,0,0,0,0,0,0,0,0,0,0,0,0,0,0,0,0,0,0,0,0,0.003,0.949,0
rs0121,0.992,0,0.036,2,0.994,0.998,0,0,0.97,0,0.344,1.07,0.995,1.649,0.998,1,2,0,0,0,0,0.029,1.723,0.015,0,0.146,0,0.74,0,2,0.975,0.369,0,1,0.049,0,0.768,1,1.983,1.014,0,0.343,1,0,0,0,0.109,0.004,1.431,0.002,0,0,0,0.58,0.764,0.016,0.398,1,0,1.934,1.744,0.98
rs0122,0,1.001,0,0,0,0,0,0,0,1,1,0,0,0,0,0,0,1,2,0,0,0,0,0.983,0,0,0,1,0,0,0.01,0.006,1,0,1.855,0,0,1,0.018,0.925,1,0,0,2,1,1,0.002,1.996,0.031,0.004,1,1,1,0,0,1.971,0,0,0,0,0.077,0
rs0123,0.002,1.001,0,0,0,0,0,0,0,1,1,0,0,0,0,0,0,1,2,0,0.039,0,0.001,0.955,0,0,0,1,0,0,0.028,0.016,1,0,1.749,0,0,1,0.049,0.848,1,0,0,1.999,1,1.007,0.004,1.99,0.085,0.117,1,1,1,0,0,1.847,0,0,0,0,0.063,0
rs0124,0,0,0,0,0,0,1,0,1,1,0,0.997,0,0,0,0,0,0,0,0,0,0,0.008,0,0.979,0,0,0,0,0,0,0,0,0,0,0,0,0,0,0.898,1,0.976,0,0,0,0,0.839,0,0.988,0,0,0,0,0,0,0,0.983,0,0,0,0,0
rs0125,0,1,0,0,0,0,2,0,1,2,0,1,0,0,0,0,0,1,0,0,0,0,0,0,1,0,0,1,0,0,0,0,1,0,1,0,0,1,0,1,1,1,0,0,1,1,0,1,1,0,0,0,1,0,0,1,1,0,0,0,0,0
rs0126,0,0,0,0,0,0,0,0,0,0,0,0,1,0,0,0,0,0,0,0,0,0,0,0,0,0,0,0,0,0,0.001,0,0,0,0,0,0,0,0,0,0,0,0,0,0,0,0,0,0,0,0,0,0,0,0,0,0,0,0,0,1,0
rs0127,0,0,0,0,0.001,0,0,0,0.129,0,0,0,0,0,0.521,0.547,0,0,0,0,0.002,0,0,0,0,0.994,0,0,0,0,0.07,0,0,0,0.004,0,0,0,0,0,0.071,0,0.937,0,0,0.275,0.86,0.001,0,0.201,0,0,0,0,0,0.002,0,0.037,0,0.036,0,0.021
rs0128,0,0,0,0,0,0,1,0,1,1,0,1,0,0,0,0,0,0,0,0,0,0,0,0,1,0,0,0,0,0,0,0,0,0,0,0,0,0,0,1,0.434,1,0,0,0,0,0,0,1,0,0,0,0,0,0,0,1,0,0,0,0,0
rs0129,0,0,0,0,0.002,0,0,0,0,0,0,0,0,0,0.001,0,0,0,0,0,0,0,0,0,0,0,0,0,0,0.854,0.018,0,0,0,0,0,0,0,0,0,0.007,0,0,0,0,0.046,0,0,0,0,0,0,0,0,0,0.003,0,0.958,0,0,0,0
rs0130,0,0,0,0,0,0,0,0,0,0,1,0,0,0,0,0,0,0,0,0,0,1,0,0,0,0,0,0,0,0,0,0,0,0,0,0,0,0,0,0,1,0,0,0,0,0,0.005,0,0,0,1,1,0,0,0,0,0,0,0,0,0,0
rs0131,0,0,0,0,0,0,0,0,0,0,0,0,1,0,0,0,0,0,0,0,0,0,0,0,0,0,0,0,0,0,1,0,0,0,0,0,0,0,0,0,0,0,0,0,0,0,0,0,0,0,0,0,0,0,0,0,0,0,0,0,1,0
rs0132,0,1,0,1,0,0,1,0,0,1,0,0,0,0,0,0,0,1,0,0,1,0,0,0,0,0,0,1,0,0,0,0,1,0,1,0,0,1,0,0,0,0,0,0,1,1,1,0,0,0,0,1,1,0,0,1,0,0,0,0,0,0
rs0133,1,1,1,1,0,0,2,0,1,2,1,1,1,0,0,0,0,1,0,0,1,0,1,0,1,1,2,1,0,0,1,1,1,0,1,0,0,1,0,1,1,1,0,0,2,1,1,0,1,0,1,1,1,0,0,1,1,0,1,0,1,0
rs0134,1,1,0,0,0,0,0,0,0,0,0,0,0,0,0,0,1,0,2,0,1,0,0,1,0,0,0,0,1,0,0,0,0,0,1,1,0,0,0,0,0,0,0,1,0,0,0,0,0,1,0,0,0,0,0,0,0,0,0,0,0,1
rs0135,0,1,0,0,0,0,0,1,0,1,0,0,1,0,0,0,0,1,0,0,0,0,0,1,0,0,0,0,0,0,0,0,1,0,0,0,0,0,0,0.008,0,0,0,0,0,0,0,0,0,0,0,0,1,0,0,0,0,0,0,0,1,0
rs0136,0,0,1,0,0,0,0,0,0,0,0,0,0,0,0,0,0,0,0,0,0,0,0,0,0,1,0.018,0,0,0,0,0,0,0,0,0,0,0,0,0.005,0,0,0,0,0,0,0,0,0,0,0,0,0,0,0,0,0.007,0,0,0,0,0
rs0137,1.049,0.924,1,0.931,0.009,0.014,1,0,0.014,0,0.993,0.002,0.003,0.259,0.015,0.003,1,0,0.02,0.001,1.992,1,0,0.367,0.002,1.905,0.117,0.02,1,0,0.001,0.022,0.004,0.007,1,1.011,0.089,0.529,0,0.007,1,0,0.004,1.009,0.958,0.999,1.9,1,0,1,1,0.003,0.018,0,0,1.005,0.112,0.791,0.001,0.034,0,0.949
rs0138,0,0.047,0.999,0,0,0,0,0,0,0,0.998,0,0,0.06,0,0,0,0,0,0,0.998,0,0,0.001,0,1,1,0,0,0,0,0,0,0,0,0.013,0,0,0,0,0.022,0,0,0,0.169,0,0,0,0,1,0,0,0,0,0,0,0,0,0,0,0,0
rs0139,1.999,1.42,1.17,2,1.105,1.202,2,1.002,2,2,1,1,2,1.618,2,1.984,1,1.002,2,1.497,2,2,2,1.172,1,1.002,2,2,1.975,1,2,1.976,1.997,2,1.006,1.673,2,1.89,2,1.426,2,2,1.789,1,1.996,2,2,2,1.058,2,1,1.998,2,0.002,1.003,1.019,1.865,1,1,1.89,1.999,2
rs0140,0,1,1,0,2,2,2,2,1,1,1,1,0,1,1,2,2,0,2,2,2,0,1,1,2,1,2,2,1,2,2,2,2,2,2,2,1,2,0,0,1,1,2,1,1,1,1,2,0,1,1,2,2,0,0,2,2,1,0.979,2,1,2
rs0141,0,0,0,0,0,0,0,0,0,0,0,0,0,0,0,0,0,0,0,0,0,0,0,0,1,0,0,0,0,0,0,0,0,0,0,0,0,0,0,0,0,0,1,0,0,0,0,0,0,0,0,0,0,0,0,0,1,0,0,0,0,0
rs0142,0,0,0,0,0,0,0,0,0,0,0,0,0,0,0,0,0,0,0,0.997,0.997,0,1,0,0,0,0,0,0,0,0,1,0,0,0,1,1,0,0,0,0,0,0,0,0,0,0,1,0,0,0,0,0,0,0,0,0,0,0,0,0,0
rs0143,1,1,0,0,1,2,1,2,1,2,0,0,0,1,1,0,0,1,2,0,1,2,0,0,2,0,1,1,1,2,2,0,0,0,1,0,0,0,0,1,1,0,2,1,1,0,2,1,0,1,1,1,0,0,0,1,1,1,1,1,0,1
rs0144,0,0,0,0,1,0,0,0,0,0,0,1,0,0,1,2,1,0,0,0,0,0,0,0,0,0,0,0,0,0,0,0,1,1,0,0,0,1,0,0,0,0,0,0,0,0,0,0,0,0,0,1,0,0,0,0,1,0,1,1,1,0
rs0145,0,1,1,0,0,0,1,0,0,0,1,0,0,0,0,0,1,0,0,1,0,0,0,1,0,1,1,1,1,0,0,1,1,1,1,1,0,1,0,0,1,1,0,1,1,1,0,0,0,1,0,0,2,0,0,1,0,0,0,0,0,1
rs0146,0,1,1,0,0,0,1,0,0,0,1,0,0,0,0,0,1,0,0,1,0,0,0,0.999,0,1,1,1,1,0,0,1,1,1,1,1,0,1,0,0,1,1,0,1,1,1,0,0,0,1,0,0,2,0,0,0.983,0,0,0,0,0,1
rs0147,0,1,1,0,1,0,1,0,0,0,1,1,0,0,1,2,2,0,0,1,0,0,0,1,0,1,1,1,1,0,0,1,2,2,1,1,0,2,0,0,1,1,0,1,1,1,0,0,0,1,0,1,2,0,0,1,1,0,1,0.999,1,1
rs0148,0,0,0,0,1,0,0,0,0,0,0,1,0,0,1,2,1,0,0,0,0,0,0,0,0,0,0,0,0,0,0,0,1,1,0,0,0,1,0,0,0,0,0,0,0,0,0,0,0,0,0,1,0,0,0,0,1,0,1,0.993,1,0
rs0149,2,2,1,2,2,2,2,2,2,2,1,1,1,1,2,2,2,1,2,2,2,2,2,2,2,1,2,2,2,2,2,2,2,2,2,2,2,2,1,1,2,1,2,2,2,2,2,2,1,2,1,2,2,0,1,2,2,2,2,2,2,2
rs0150,2,2,1,2,1,0,1,0,1,1,1,1,1,0,2,2,2,1,0,1,0,2,1,2,0,1,1,1,2,0,0,1,2,2,1,1,1,2,1,1,2,1,0,2,2,2,1,0,1,2,1,1,2,0,1,1,1,1,2,1,2,1
rs0151,0,0,0,0,0,0,0,0,0,0,0,0,0,0,0,0,0,0,0,0,0,0,0,0,1,0,0,0,0,0,0,0,0,0,0,0,0,0,0,0,0,0,1,0,0,0,0,0,0,0,0,0,0,0,0,0,1,0,0,0,0,0
rs0152,0,0.994,0,0,0,0,0,0,0,0,0,0,0,0,0,0,1,0,0,1.436,0.475,0,1,1,0,0,0,0,0,0,0,0.998,0,0,1,1,1,0,0,0,0,0,0.009,1,0,0,0,1,0,0,0,0.003,0,0,0,0.99,0,0.518,0,0,0,0.001
rs0153,0,0,0,0,0,0,0,0,0,0,0,0.665,0,0,0.677,0.008,0,0,0,0.008,0.119,0,0,0,0,0,0,0,0,0,0,0,0.096,0,0,0,0,0,0,0,0,0,0,0,0,0,0,0,0,0,0,0.135,0,0,0,0,0,0,0.001,0,0,0
rs0154,0.005,0.43,0,0,0.001,0,0,0,0,0,0,0,0,0,0,0,0,0,0,0,0,0,0.013,0.012,0,0,0.405,0,0,0,0.045,0,0,0,0.31,0.004,0,0,0,0,0,0,0.357,0,0,0.998,0,0.226,1,0,0.025,0.69,0,0,0,0.031,0,0,0,0,0,0.967
rs0155,0,0,0,0,0,0,0,0,0,0,0,0,0,0,0,2,1,1,0,0,0,1,0,0,0,0,0,0,0,1,0,0,0,0,0,0,0,1,1,0,1,0,0,0,0,0,1,0,0,0,0,0,0,0,0,0,1,0,0,1,0,0
rs0156,0,0,0,0,0,0,0,0,0,0,0,0,0,0,0,2,1,1,0,0,0,1,0,0,0,0,0,0,0,1,0,0,0,0,0,0,0,1,1,0,1,0,0,0,0,0,1,0,0,0,0,0,0,0,0,0,1,0,0,1,0,0
rs0157,0.001,0.001,0,0,0,0,0,0,0,0,0,0,0,0,0,1.996,1,1,0,0,0,1,0,0,0,0.012,0,0,0,1,0,0,0.007,0,0,0.002,0,1,1,0,0.996,0,0,0,0,0,1,0,0,0,0,0,0,0,0,0,1,0,0,1,0,0
rs0158,0,1,0,0,0,0,0,0,0,0,0,0,0,1,1,0,1,0,0,1,1,0,0,1,0,0,1,1,1,1,1,0,0,1,1,0,0,1,0,0,1,0,0,1,0,1,1,0,1,0,0,1,2,0,0,0,0,1,0,0,0,0
rs0159,0,1,0,0,0,0,0,0,0,1,0.982,0,0,1,1,0,1,1,0,1,1,0,0,0,0,0.996,1,1,1,1,1,1,0,1,1,0,1,1,0,1,1,0,0,1,0,1,1,0,1,0,0,1,2,0,0,0,0.001,2,0,0,0,0
rs0160,0,0.999,0,0,0,0,0,0,0,1,0.805,0,0,1,1,0,1,1,0,1,1,0,0,0,0,1,1,1,1,1,1,1,0,1,1,0,1,1,0,1,1,0,0,1,0,1,1,0,1,0,0,1,2,0,0,0,0,2,0,0,0,0
rs0161,1,1,1.997,1,0.04,1.006,2,2,2,2,2,0,1,1,1,1,1,1,1,1.052,2,0.026,0,1,0,1,2,1.999,1,2,1,2,1,1,1,1.994,1,1,0,1.998,2,1,1,2,1,1,2,0.002,1,1,0,1,2,0,0,0.974,0.001,1.988,1.972,0,0.002,1
rs0162,1,0,1,1,0,0,2,1,0,0,2,0,1,0,1,0,0,0,0,0,1,1,0,0,0,2,1,1,0,0,0,1,0,0,0,1,0,0,0,0,0,1,1,1,1,0,1,0,0,1,0,0,0,0,0,0,0,0,1,0,0,0
rs0163,1,0,1,1,0,0,2,1,0,0,0,0,1,0,1,0,0,0,0,0,2,0,0,0,0,1,1,1,0,0,0,1,0,0,0,1,0,0,0,0,0,1,1,1,1,0,1,0,0,0,0,0,0,0,0,0,0,0,1,0,0,1
rs0164,0,0,0,0,0,0,0,0,0,0,1,0,0,0,0,0,0,0,0,0,0,1,0,0,0,0,0,0,0,0,0,0,0,0,0,0,0,0,0,0,0,0,0,0,0,0,0,0,0,1,0,0,0,0,0,0,0,0,0,0,0,0
rs0165,0,0.015,0.003,0,0,0,0,0,0,0,2,0,0,0,0,0,0,0,0,0,0,1,0,0,0.251,1,0,0,0,0,0,0,0,0,0,0,0,0,0,0.005,0,0,0,0,0,0,0,0,0,1.385,0,0,0,0,0,0,0.041,0,0,0,0.028,0
rs0166,1,1,1,2,0,0,2,1,0,0,0,0,1,2,1,0,0,0,1,1,2,0,1,0,0,1,2,1,1,1,0,1,0,1,0,1,1,1,1,0,0,1,1,1,1,1,0.999,0,1,0,0,0,2,0,1,1,0,0,2,0,0.002,1
rs0167,1,2,2,2,0,1,2,1,1,1,2,1,2,1.996,2,0,1,2,1,1,2,1,1,1,1,1,2,1,1,1,0,1,1,1,0,1,1,2,1,2,0,1,1.933,1,2,1,0.978,0,2,2,0.014,0,2,0,1,1,0.998,0,2,1,1.393,1
rs0168,2,2,2,2,2,2,2,2,2,2,2,2,2,2,2,2,2,2,2,2,2,2,2,1.997,2,2,2,1.997,2,2,2,1.408,1,2,2,2,2,2,2,2,2,2,2,2,2,2,2,2,2,2,2,2,2,2,2,2,2,2,2,2,2,2
rs0169,0,0,0,0,0,0,0,0,0,0,2,0,0,0,0,0,0,0,0,0,0,1,0,0,0,0.996,0,0,0,0,0,0,0,0,0,0,0,0,0,0,0,0,0,0,0,0,0,0,0,1,0,0,0,0,0,0,0,0,0,0,0,0
rs0170,1,1,2,1,2,1,1,2,2,2,0,2,1,0,1,2,1,1,1,1,1,1,1,1,2,1,1,1,1,1,2,1,2,1,2,1,1,1,1,2,2,2,2,2,1,1,1,2,1,1,2,2,0,2,1,1,2,2,0,1,1,2
rs0171,0,0,0.003,0,0,0,0,0,0,0,0,0,0,0,0,0,0,0,0,0,0,0,0,0.988,0.811,0,0,0,0,0,0,0,0.129,0,0,0,0,0,0,0.003,0,0,0.389,0,0,0,0,0,0,0,0,0,0,0,0,0,0.026,0,0,0,0,0
rs0172,0,0,0,0,0,0,0,0,0,0,1,0,0,0,0,0,0,0,0,0,0,1,0,0,0,0,0,0,0,0,0,0,0,0,0,0,0,0,0,0,0,0,0,0,0,0,0,0,0,1,0,0,0,0,0,0,0,0,0,0,0,0
rs0173,1,1,0,1,0,1,1,0,0,0,1,0,1,1,1,0,1,0,0,0,1,1,1,1,0,0,0,1,1,1,0,1,0,1,0,1,1,2,1,0,0,0,0,0,1,1,1,0,1,1,0,0,1,0,1,1,0,0,2,0,1,0
rs0174,0,0,0,0.256,0,0,0,0,0,0,0,0,0,0,0,0,0,0,0,0,0,0,0,0,0,0,1,0,0,0,0,0,0,0,0,0,0,0,0,0,0,0,0,0.927,0,0,0,0,0,0,0,0,0,0,0,0,0,0,0,0,0,0
rs0175,1.058,0.007,1.066,0.984,2,0.998,1,2,2,2,0.951,2,0,1.002,0,2,0.969,2,2,2,1,2,0.995,0.002,1,1,1,1,0.998,1,1.923,1,1.011,1,2,0,1,0,1,1.048,1.957,1.998,0.022,2,0,1,1,1.991,1,0.91,1.995,1.999,0,1.997,1,1,1.066,1.999,0,0.984,1.001,2
rs0176,0,0,1,0,0,0,0,0,0,0,0,0,0,0,0,0,0,0,0,0,0,1,0,0,0.002,0,0,0,0,0,0.464,0,0,0,0,0,0,0,0,0.98,0,0,0,0,0,0,0,0,0,0,0,0,0,0,0,0,0.5,0,0,0,0,0
rs0177,0,0,0,0,0,0,0,0,0,0,0.003,0,0.999,0,0.497,0,0,0,0,0,0,0,0,0,0,0,0,0,0.005,0,0.002,0,0,0,0,1.538,0,0,0,0,0,0,0,0,0,0,0,0,0,1.538,0,0,0,0,0,0,0,0,0,0,0,0
rs0178,0,1,0,1,0,1,0,0,0,0,1,1,0,1,0,0,0,0,0,0,1,0,1,0,0,0,0,0,0,1,0,1,1,0,0,0,1,0,1,0,0,1,0,0,0,0,0,0,1,0,0,0,0,0,1,2,0,0,2,0,0,1
rs0179,0,0,0,0,0,0,0,0,0,1,1,0,1,0,1,0,0,1,0,0,1,1,0,0,1,0,0,0.987,1,0,1,0,0,0,1,2,1,0,0,1,0,0,1,0,0,0,1,0,0,2,0,0,0,0,0,0,0,0,0,1,0,0
rs0180,0,0,0,0,0,0,0,0,0,0,0,0,0,0,0,0,0.009,0,0,0,0,0,0,0,0,0,0,0,0,1,0,0,0.088,0,0,0,0,0,0,0.01,0.006,0,0.008,0,0,0,0,0.032,0,0,0,0,0,0,0,0,0,1.002,0,0,0,0
rs0181,0,1,0,1,0,1,0,1,0,0,1,1,0,1,0,0,0,0,0,0,1,0,1,0,0,0,0,0,0,1,0,1,1,0,0,0,1,0,1,0,0,1,0,0,0,0,0,0,1,0,0,0,0,0,1,2,0,0,2,0,0,1
rs0182,0,0,0,0,0,0,0,0,1,0,0,0,0,0,0,1,0,0,0,1,0,0,0,0,0,0,1,1,0.036,0,1,0,0,1,0,0,0,1,1,0,0,0,0,0,1,1,0,0,0,0,0.997,0,1,0,0,0,0,0,0,0,1,0
rs0183,0,0,0,0,0,0,0,0,0,1,0.99,0,1,0,1,0,0.024,1,0,0,1,1,0,0,1,0,0,1,1,0,1,0,0,0,1,2,1,0,0,1,0,0,1,0,0,0,1,0,0,2,0.273,0,0,0,0,0,0,0,0,1,0,0
rs0184,0,1,0,1,0,1,0,0,0,0,1,1,0,1,0,0,0,0,0,0,1,0,1,0,0,0,0,0,0,1,0,1,1,0,0,0,1,0,1,0,0,1,0,0,0,0,0,0,1,0,0,0,0,0,1,1,0,0,2,0,0,0
rs0185,0,0,0,0,0,0,0,0,0,1,0.989,0,1,0,1,0,0.003,1,0,0,1,1,0,0,1,0,0,1,1,0,1,0,0,0,1,2,1,0,0,1,0,0,1,0,0,0,1,0,0,2,0,0,0,0,0,0,0,0,0,1,0,0
rs0186,0,1,0,1,0,1,0,0,1,1,1.994,1,1,1,1,1,0,1,0,1,2,1,1,0,1,0,1,2,1,1,2,1,1,1,1,2,2,1,2,1,0,1,1,0,1,1,1,0,1,2,0.006,0,1,0,1,1,0,0,2,1,1,0
rs0187,0,1,0,1,0,1,0,0,1,1,2,1,1,1,1,1,0,1,0,1,2,1,1,0,1,0,1,2,1,1,2,1,1,1,1,2,2,1,2,1,0,1,1,0,1,1,1,0,1,2,0,0,1,0,1,1,0,0,2,1,1,0
rs0188,0.267,0,0,0,0.002,0,1,0,0,0,0,0,1,0.481,0,0,0,0,0,0.001,0,0,0.009,0.013,0,0,0,0,0,0,0,1,0,0,0,0,0,0,0,0,0,0,0,0,1,0,0,0.006,0,0,0,0,0,0,0,0,0,0,0,0,0,0
rs0189,0,1,0,1,0,1,0,0,0,0,1,1,0,0.995,0,0,0,0,0,0,1,0,1,0,0,0,0,0,0,1,0,0.999,1,0,0,0,1,0,1,0,0,1,0,0,0,0,0,0,1,0,0,0,0,0,1,1,0,0,2,0,0,0
rs0190,0,1,0,1,0,0,0,0,1,0,0.996,0,0,0.951,0,1,0,0,0,1,1,0,1,0,0,0,1,1,0,1,0.357,1,1,1,0,0,1,1,2,0,0,0.994,0,0,1,1,0,0,1,0,0,0,1,0,1,1,0,0,2,0,0.998,0
rs0191,0,1,0,1,0,0,0,0,0,0,0,0,0,0,0,0,0,0,0,0,0,0.002,1,0,0,0,0,0,0,0,0,0,0,0,0,0,1,0,1,0,0,0,0,0,0,0,0,0,1,0,0,0,0,0,0.934,0,0,0,1,0,0.004,0
rs0192,0,1,0,0,0,0,0,0,0,1,1.485,1,1,0.949,0.973,0,0,1,0,0,0.917,0,0,0,0,0,0,0,0.498,0,0,0,1.889,0,0,2,0,0,0,0.997,0,0,0,0,0,0,0,0,1,1.419,0,0,0,0,0.001,0,0,0,0,0,0,0
rs0193,2,2,2,2,2,2,2,2,1,2,2,2,2,1,2,1,2,2,2,1,2,2,2,2,2,2,1,1,2,2,1,2,2,1,2,2,2,1,1,2,2,2,2,2,1,1,2,2,2,2,2,2,1,2,2,2,2,2,2,2,2,2
rs0194,0,1,0,0,0,0.003,0,0,0,1,2,1,1,0.924,0.136,0,0.013,1,0,0,1.131,0,0.01,0,0,0,0,0,0.668,1,0,0,1.905,0,0,2,0,0,0,1,0,1,1,0,0,0,0,0,1,1.998,0,0,0,0,0.052,0,0,1,0,0,0,0
rs0195,2,2,2,2,2,2,2,2,1,2,2,2,2,1,2,1,2,2,2,1,2,2,2,2,2,2,1,1,2,2,1,2,2,1,2,2,2,1,1,2,2,2,2,2,1,1,2,2,2,2,2,2,1,2,2,2,1.998,2,2,1.977,2,2
rs0196,0,0.753,0,0.995,0,0,0,0,0,0,0,0,0,0,0,0.008,0,0,0,0,0.006,0,0.781,0.032,0,0,0,0,0,0,0,0,0,0,0,0,0.992,0,0.819,0,0,1,0,0,0,0,0,0,1,0,0.006,0,0,0,0.164,0,0,0,0.758,0,0.48,0
rs0197,0,2,0,1,1,1,2,2,0,0,0,0,1,0,1,1,0,0,1,1,2,0,2,1,1,0,0,1,1,0,1,1,0,0,1,0,2,0,1,0,1,1,0,1,1,0,1,1,1,0,1,2,1,0,1,1,0,0,1,1,1,2
rs0198,2,2,2,2,2,2,2,2,1,2,2,2,2,1,2,1,2,2,2,1,2,2,2,2,2,2,1,1,2,2,1,2,2,1,2,2,2,1,1,2,2,2,2,2,1,1,2,2,2,2,2,2,1,2,2,2,2,2,2,2,2,2
rs0199,0,0,0,0,0,0,0,0,0,1,2,1,1,0,0,0,0,1,0,0,0,0,0,0,0,0,0,0,0,1,0,0,1,0,1,2,0,0,0,1,0,1,1,0,0,0,0,0,1,2,0,0,0,0,0,0,1,1,0,0,0,0
rs0200,0,0,0,0,0,0,0.003,0,0,1,2,1,1,0,0,0,0,0.976,0,0,0,0,0,0,0,0,0,0,0,1,0,0,1,0,1,2,0,0,0,0.42,0,1,1,0,0,0,0,0,1,1.998,0,0,0,0,0,0,1,1,0,0,0,0
rs0201,0,0,0,0,0,0,0,0,0,0,0,1,1,0,0,0,0,0,0,0,0,0,0,0,0,0,0,0,0,0,0,0,0,0,1,2,1,0,0,0.03,0,0,1,0,0,0,0,0,1,1,0,0,0,0,0,0,0,0,0,0,0,0
rs0202,2,2,2,2,2,2,2,2,1,2,2,2,2,1,2,1,2,2,2,1,2,2,2,2,2,2,1,1,2,2,1,2,2,1,2,2,2,1,1,2,2,2,2,2,1,1,2,2,2,2,2,2,1,2,2,2,2,2,2,2,2,2
rs0203,0,0,0,0,0,0,0,0,0,0,0,1,1,0,0,0,0,0,0,0,0,0,0,0,0,0,0,0,0,0,0,0,0,0,1,2,1,0,0,0,0,0,1,0,0,0,0,0,1,1,0,0,0,0,0,0,0,0,0,0.015,0,0
rs0204,1.992,1,2,0.999,1,0.849,1,0.002,0.996,1.961,0,1,0,0.984,1,0.085,1.999,1.962,1.6,0,1,0.879,0.156,1.002,0.81,2,0,0,1,1,0.336,1,0.946,0.667,1,0,0,1,0,1.956,1.991,0,0.954,1,0,0.999,2,1.141,0,0,1.675,1.163,0,1.735,0.647,1.112,1,0.398,1,1,0.998,0.991
rs0205,0,0,0,0,0,0,0,0,0,0,0,0,0,0,0,0,0,0,0,0,0,0,0,0,0,0,0,0,0,0,0,0,0,0,0,0,0,0,0,0,0,0,0,1,0,0,0,0,0,0,0,0,1,0,0,0,0,0,0,0,0,0
rs0206,0,0,0,0,0,0,0,0,0,0,2,0,0,0,0,0,0,0,0,0,0,0,0,0,0,0,0,0,0,1,0,0,1,0,0,0,0,0,0,0,0,1,0,0,0,0,0,0,0,0.95,0,0,0,0,0,0,0,1,0,0,0,0
rs0207,0.014,0,0,0.001,0,0.104,0,0,0,0,1,1,0,0,0,0,0,0,0,0,0.012,0,0,0,0.012,0,0,0.001,0,0,0,0.08,0.989,0,1,0.002,1,0,0,0,0,0,1,0.825,0,0.001,0,0,1,0,0,0,0.999,0,0,0,0,0,0,0.033,0,0
rs0208,0,0,0,0,0,0,0,0,0,0,0,1,0,1,0,1,0,0,0,0,0,0,0,0,0,0,1,1,0,0,1,1,0,1,1,0,0,1,1,0.017,0,0,1,1,0,1,0,0,1,0.002,0,0,2,0,0,0,0,0,1,0,0,0
rs0209,0,0,0,0,0,0,0,0,0,0,1,0,0,1,0,1,0,0,0,0,0,0,0,0,0,0,1,1,0,0,1,0,1,1,0,0,1,1,1,0,0,0,0,0,0,1,0,0,0,0,0,0,1,0,0,0,0,0,0,0,0,0
rs0210,0,0,0,0,0,0,0,0,0,0,0,0,0,1,0,0,0,0,0,0,0,0,0,0,0,0,1,1,0,0,1,0,0,1,0,0,0,1,1,0.007,0.019,0,0,0,0,1,0,0,0,0,0,0,1,0,0,0,0,0,0,0,0,0
rs0211,0,0,0,0,0,0,0,0,0,0,0,1,0,0,0,0,0,0,0,0,0,0,0,0,0,0,0,0,0,0,0,1,0,0,1,0,0,0,0,0,0,0,1,1,0,0,0,0,1,0,0,0,1,0,0,0,0,0,1,0,0,0
rs0212,0,0,0,0,0,0,0,0,0,0,0,1,0,0,0,0,0,0,0,0,0,0,0,0,0,0,0,0,0,0,0,1,0,0,1,0,0,0,0,0,0,0,1,1,0,0,0,0,1,0,0,0,1,0,0,0,0,0,1,0,0,0
rs0213,0.881,0,1.999,0.995,0.593,1.887,0.456,0,1.081,1.984,1.693,1.616,1.846,1.563,1,0,1.119,1.819,0.809,0.99,1.995,1.703,0,0.007,1.547,0.807,2,1.449,1,1.624,1,2,1.512,1.6,1.981,2,1,1.999,0.999,0.503,0,1,1,1.869,2,1.15,1,0.984,1,1.645,0.661,0,1.997,0.64,0.853,0.037,0.004,1.695,1,0.951,0.586,0
rs0214,0,0,0,0,0,1,0,0,1,0,1,1,2,1,0,0,0,0,0,0,1,0,0,0,1,0,2,2,1,1,1,2,0,1,1,2,0,1,1,0,0,1,1,1,2,0,0,0,1,2,0,0,2,0,0,0,1,1,1,1,0,0
rs0215,0,0,0,0,0,0.334,0,0,0,0,0,0,0,0,0,0,0,0,0,0,0,0.002,0,0,0,0,0,0,0,0,0,0,0,0,0,0,0,0,0,0,0,0,0,0,0,0,0,0,0,0,0,0,0,0,0,1,0,0,0,0,0,0
rs0216,1,0,1,0.952,1,1,0,0,0.993,2,0.288,0.979,0,0.771,1,0,1.389,1.999,0.972,0.991,1,1.898,0,0.514,0.871,1.391,0,0.023,0,1,0,0,0.841,1,0.028,0,0,0,0,1,0,0,0,0.088,0,2,0,1,0,0,1,0,0,0.678,0.957,1,1,0.999,0,0,1.626,0
rs0217,0,0,0.057,0,0,0,0,0,0,0,0,0,0.645,0,0,0,0,0,0,0,0,0,0,0,0,0,0,0.027,0.999,0,0,0,0,0.003,0,2,0,0,0,0,0,0,0,0,0,0,0,0,0,1.318,0,0,0,0,0,0,0,0,0,0.685,0,0
rs0218,0.875,0,0,0.007,0,0,0,0.198,0,0,0,0.008,0,0,1,0,0.005,0,0,0,0,0,0,0,0,0,0,0,0,0,0,0,0.003,0,0,0,0,0,0,0,0,0,0,0,0,0.996,0,0.307,0,0,0,0,0,0,0.027,0,0,0,0,0,0,0
rs0219,1,1,1,0,0,2,0,0,0,0,1,0,0,1,0,1,0,0,0,1,1,1,0,0,0,0,1,0,0,0,1,1,0,0,0,0,0,2,0,1,0,0,2,1,0,0,1,0,0,0,0,0,1,1,0,1,0,0,1,0,1,0
rs0220,1,1,1,0,0,2,0,1,1,0,1,0,0,1.003,0,1,0.008,0,0,1,1,1,0,1,0.014,1,1,0,0,0,1,1,1,0,0,0,0,2,0,1,0,0,1,1,0.84,0,1,0.001,0,0,0,0,1,2,0,1,0,0,1,0,1,0
rs0221,0,0,1,0,0,0,0,1,1,0,1,0,0,1,0,0.831,0,0,0,0,0,0,0,0,0,1,1,0,0,0,1,0.993,0,0,0,0,0,2,0,0,0,0,0,0,0,0,0,0,0,0,0,0,0,0,0,0,0,0,0,0,0,0
rs0222,0,1,1,0,0,0,0,0,0,0,0,0,0,1.001,0,1,0,0,0,1,1,1,0,1,0,0,1,0,0,0,1,1,1,0,0,0,0,2,0,0,0,0,0,1,0.997,0,1,0,0,0,0,0,1,1,0,0,0,0,0,0,1,0
rs0223,0,0,0,0,0,0,0,0,0,0,0,0,0,0,0,0,0,0,0,0,0,0,0,1,0,0,0,0,0,0,0,0,1,0,0,0,0,0,0,0,0,0,0,0,0,0,0,0,0,0,0,0,0,1,0,0,0,0,0,0,0,0
rs0224,0,1,1,0,0,0,1,0,0,0,0,0,0,1,0,0,1,0,0,1,0,1,0,1,0.996,0,0,0,0,0,0,0,2,0,1,0,0,0,0,0,0,0,0.912,2,0,0,1.92,0,0,0,0,0,1,1,1,0,0,0,0,0,1,0
rs0225,0,1,1,0,0,0,1,0,0,0,0,0,0,1,0,1,2,1,0,1,0,0,0,1,1,0,0,0,0,0,0,0,2,0,1,0,0,0,0,0,0,0,1,2,0,1,2,0,0,0,1,0,1,1,1,0,1,0,0,0,1,0
rs0226,0,1,1,0,0,0,1,0,0,0,0,0,0,1,0,1,2,1,0,1,0,0,0,1,1,0,0,0,0,0,0,0,2,0,1,0,0,0,0,0,0,0,1,2,0,1,2,0,0,0,1,0,1,1,1,0,1,0,0,0,1,0
rs0227,0,0,0,0,0,0,0,0,0,0,0,0,0,0,0,0,1,1,0,0,0,0,0,0,0,0,0,0,0,0,0,0,0,0,0,0,0,0,0,0,0,0,0,0,0,1,0,0,0,0,1,0,0,0,0,0,1,0,0,0,0,0
rs0228,0,0,0,0,0,0,0,0,0,0,0,1.047,0,0,0,0,0,0,0,0,0,0,0,0,0,0,0,0,0,0,0,0,0,0,0,0,0,0,0,0,0,0,0,0,0,0,0,0.002,0.89,0,0,0,0,0.023,0.004,0,0,0,0,0.005,0,0
rs0229,0,0,0,0,0,0,0.004,0,0,0,0,0,0,0,0,0,0,0,0,0,0,0,0.027,0,0.004,0,0,0.829,0,0,0,0,0,0,0,0,0,0,0.998,0,0,0,0,0,0,0,0,0,0,0.994,0,0.003,0,0,0.005,0,0,0,0.003,0.003,0,0
rs0230,0,0,0,0,0,0,0,0,0,0,0,0,0.004,0,0,0,1,1,0,0,0.001,0,0,0,0,0,0,0,0,0,0,0,0,0,0,0,0,0,0,0,0,0,0,0,0,1,0,0,0,0,1,0,0,0,0,0,1,0,0,0,0,0
rs0231,0,0,0,0,0,0,0,0,0,0,0,0,0.007,0,0,0,1,1,0,0,0.002,0,0,0,0,0,0,0,0,0,0,0,0,0,0,0,0,0,0,0,0,0,0,0,0,1,0,0,0,0,1,0,0,0,0,0,1,0,0,0,0,0
rs0232,0,0,0,0,0,0,0,0,0,0,0,0,0.008,0,0,0,1,1,0,0,0.002,0,0,0,0,0,0,0,0,0,0,0,0,0,0,0,0,0,0,0,0,0,0,0,0,1,0,0,0,0,1,0,0,0,0,0,1,0,0,0,0,0
rs0233,1.232,2,0,0,0,0,0,0.996,0.996,0,0.997,0.001,0.659,0,0,0,0,0,1.715,0,0.002,0,0.994,1.167,1.002,1,1,1,1,0,1,0,1,0,0,0,0,0,1,1,1,0,0.998,1,0,0,1.983,1,0,1,0,1.998,2,1.019,0.015,0.077,0,0,1,0.002,1.01,1
rs0234,0.003,0,0,0,0,1,0,0,0.001,0,1,1.86,0.038,0,1,0,0,0,0,0,0.989,0,0.008,0.005,0,0,0,0,0,1,0,0,0,0.007,1,0,0,0,0.007,0,0,0,0,0,1,0,0,1,0.865,0,0,0.005,0,0.913,0.021,0.006,0,1,0,0.053,0,0
rs0235,2,2,2,0,1,2,2,0.395,0.991,0,2,2,1,2,1,1,2,1,1,2,2,1,1,2,2,1,2,2,2,1,2,1,1,0,2,2,0,1,1,1,1,1,2,2,1,1,2,2,1,2,2,2,2,2,1,2,1,2,2,1,2,1
rs0236,0,0,0,0,0,0,0,0,0,0,0,0,0,0,0,0,1,1,0,0,0.004,0,0,0,0,0,0,0,0,0,0,0,0,0,0,0,0,0,0,0,0,0,0,0,0,1,0,0,0,0,1,0,0,0.01,0,0,1,0,0,0,0,0
rs0237,0,0,0,0,0,0,0,0,0,0,0,0,0,0,0,0,1,1,0,0,0,0,0,0,0,0,0,0,0,0,0,0,0,0,0,0,0,0,0,0,0,0,0,0,0,1,0,0,0,0,1,0,0,0,0,0,1,0,0,0,0,0
rs0238,0,0,0,0,0,0.984,0,0,0,0,0.997,1.866,0,0.02,0,0.084,1,0.641,0.009,0.089,0,0.001,0.009,0,0.013,0,0,0,0,1,0,0,0,0,1.091,0,0,0,0,0,0,0,0,0.034,0,0.727,0,0.783,0.996,0,1,0,0,0,0.049,0,0.904,1,0,0.001,0,0
rs0239,0,0,0,0,0,0.1,0.021,0,0,0,0,0,0,0.019,0,0,1.081,0.224,0.001,0,0,0.967,0,0,0,0,0,0,0,0,0,0,0,0.001,0,0,0,0,0,0,0,0,0.001,0,0,0.449,0,0,0,0,1,0,0,0,0,0.93,0.999,0,0,0,0.005,0
rs0240,0,0,0,0,0,0,0,0,0,0,0,0,0,0,0,0,0,0,1,0,0,1,1,1,0,0,0,1,0,0,0,0,0,0,0,0,1,0,2,0,0,0,0.998,0,0,0,1,0,1,1,0,1,0,0,1,1,0,1,0,1,0,0
rs0241,0,0,0,0,0,0,0,0.491,0,0,0,0,0,0.016,0,0,0,0,0,0,0,0,0,0,0,0,0,0,0,0,0,0,0.003,0,0.426,0,0,0,0,0,0,0,0,0.086,0,0.783,0,0,0,0,0,0,0,0,0,0,0,0,0,0,0,0
rs0242,0,0,0,0,0,0,0,0,0,0,0,0,0,0,0,0,1,0,0,0,0,1,0,0,0,0,0,0,0,0,0,0,0,0,0,0,0,0,0,0,0,0,0,0,0,0,0,0,0,0,1,0,0,0,0,0,0,0,0,0,0,0
rs0243,1,0,0,0,0,0.007,0,0,0,1,0,0,0,1,0,0.002,0,0,0,0,0,1,0,0,0,0,0,0,0,0,0,0,0,0,0,0,0,0,0,1,0,0,0,0,0,1,0.012,0.005,0,0,0,0,0,0,0,0,1,1,0,0,0,0
rs0244,0,1.001,0,0,0,0.262,0,0.978,0,0,0.014,0,0.111,0.7,1.885,0,0,0,0,0.001,1.996,0,0.905,0,0.024,0,0.008,0.061,1,0,0.503,0,0.007,0,0.495,0,0,0,0,0.999,1,0,0.015,0.089,1,0.974,0,0.606,0,0,0,0.104,0,0,0.206,0,0,0,0.541,0,0.989,0.019
rs0245,0,0,0,0,1.05,0.011,0,0.03,0,0,0,0.304,0,0,0,0.95,0,0,0,0,0,0,0,0,0,0,0,0,0,0,0,0,0,0,0,0,0.009,0,0,0,0,0,0,0,0,0,0,0,0,0,0,0,0.001,0.005,0,0,0,0,0,0,0,0.106
rs0246,2,2,2,2,0,2,2,1,0,1,1,0,1,2,2,1,2,1,1,2,2,2,1,1,2,1,2,1,2,1,1,0,1,2,1,2,0,1,0,2,1,2,1,2,1,2,2,1,0,1,2,1,1,1,1,0,2,2,2,1,2,1
